id,email,data,valor,quantidade,produto
1,t1@t1.com,2024-09-11 09:00:00,1.0,1,Gemini
2,t2@t2.com,2024-09-02 08:45:00,2.0,2,ChatGPT
3,t3@t3.com,2024-09-03 09:00:00,3.0,3,Gemini
4,teste@5gg.nn,2024-09-12 09:00:00,0.09999999999999999,1,Gemini
5,t5@t5.com,2024-09-12 09:00:00,5.0,5,Llama3.0
6,viniciuscirino@example.net,2020-09-05 00:00:00,25095.91,79,ChatGPT
7,eda-rocha@example.com,2020-09-10 00:00:00,59763.87,54,Llama3.0
8,heloisada-rosa@example.org,2020-09-16 00:00:00,80059.49,284,Llama3.0
9,macedomaria-vitoria@example.org,2020-09-16 00:00:00,3023.35,87,Llama3.0
10,xmendes@example.net,2020-09-18 00:00:00,76204.79,66,Llama3.0
11,kaiquepereira@example.org,2020-09-08 00:00:00,53386.76,143,Llama3.0
12,dante35@example.org,2020-09-20 00:00:00,25194.4,16,ChatGPT
13,pachecoana-laura@example.net,2020-09-09 00:00:00,84109.26,193,ChatGPT
14,miguel48@example.com,2020-09-22 00:00:00,24432.68,208,Llama3.0
15,diogo31@example.org,2020-09-04 00:00:00,43171.95,71,ChatGPT
16,ferreirajade@example.org,2020-09-22 00:00:00,51190.76,40,Llama3.0
17,thomasfarias@example.com,2020-09-15 00:00:00,68514.34,22,ChatGPT
18,ramosantony@example.com,2020-09-10 00:00:00,41069.8,99,Llama3.0
19,castromanuela@example.org,2020-09-20 00:00:00,786.85,16,Llama3.0
20,yan02@example.com,2020-09-11 00:00:00,35493.46,261,Llama3.0
21,cunhajose-miguel@example.net,2020-09-14 00:00:00,52096.71,90,Llama3.0
22,pedro-henriquecamara@example.com,2020-09-21 00:00:00,63990.71,289,Gemini
23,emontenegro@example.net,2020-09-12 00:00:00,67626.49,247,Llama3.0
24,isadora62@example.net,2020-09-16 00:00:00,22031.93,290,Llama3.0
25,mariana76@example.org,2020-09-01 00:00:00,30675.61,88,Gemini
26,sophie98@example.net,2020-09-20 00:00:00,3748.95,75,Llama3.0
27,aparecidaotavio@example.org,2020-09-03 00:00:00,90872.91,84,ChatGPT
28,valentimcavalcante@example.org,2020-09-16 00:00:00,71466.42,198,Gemini
29,nicolas06@example.com,2020-09-03 00:00:00,6374.61,71,ChatGPT
30,camposmaria-clara@example.net,2020-09-19 00:00:00,77616.7,248,Gemini
31,asafe44@example.net,2020-09-10 00:00:00,75962.76,141,Llama3.0
32,levi18@example.net,2020-09-22 00:00:00,28043.19,132,ChatGPT
33,sofia92@example.net,2020-09-20 00:00:00,78645.64,259,ChatGPT
34,jpacheco@example.com,2020-09-21 00:00:00,40425.21,160,Gemini
35,zpastor@example.net,2020-09-03 00:00:00,6629.43,216,Llama3.0
36,albuquerqueandre@example.net,2020-09-20 00:00:00,16730.79,83,Gemini
37,gabriel92@example.net,2020-09-23 00:00:00,29411.83,190,Llama3.0
38,zmelo@example.net,2020-09-11 00:00:00,31854.2,118,Llama3.0
39,milena34@example.org,2020-09-16 00:00:00,69529.65,189,Llama3.0
40,cdas-neves@example.org,2020-09-03 00:00:00,5583.1,139,Gemini
41,freitasbrenda@example.com,2020-09-07 00:00:00,92358.95,198,Gemini
42,catarinaaragao@example.net,2020-09-20 00:00:00,87188.1,255,Gemini
43,fernandesgabriela@example.com,2020-09-19 00:00:00,2347.1,190,ChatGPT
44,rodrigonovais@example.com,2020-09-23 00:00:00,44550.7,11,ChatGPT
45,yvasconcelos@example.net,2020-09-11 00:00:00,3850.58,17,Llama3.0
46,ceciliasampaio@example.com,2020-09-09 00:00:00,16156.11,21,ChatGPT
47,falbuquerque@example.net,2020-09-07 00:00:00,39880.62,99,ChatGPT
48,otavio31@example.org,2020-09-15 00:00:00,13059.23,203,Gemini
49,pvargas@example.net,2020-09-10 00:00:00,36569.8,119,ChatGPT
50,barbosavitoria@example.com,2020-09-20 00:00:00,12049.95,219,ChatGPT
51,beniciocostela@example.com,2020-09-03 00:00:00,11372.4,79,Gemini
52,tmontenegro@example.net,2020-09-07 00:00:00,28276.1,128,Llama3.0
53,udias@example.net,2020-09-07 00:00:00,74165.47,31,Llama3.0
54,tda-conceicao@example.net,2020-09-04 00:00:00,33026.29,117,Llama3.0
55,davi-lucas96@example.org,2020-09-02 00:00:00,76339.89,245,Gemini
56,luiz-otavionogueira@example.com,2020-09-21 00:00:00,20109.3,209,ChatGPT
57,xda-cruz@example.net,2020-09-19 00:00:00,62695.57,116,ChatGPT
58,martinsstella@example.com,2020-09-21 00:00:00,20394.4,197,ChatGPT
59,ana-juliavargas@example.org,2020-09-18 00:00:00,40017.97,100,Gemini
60,diegofernandes@example.net,2020-09-12 00:00:00,53629.78,71,ChatGPT
61,ana-laura25@example.com,2020-09-07 00:00:00,58524.3,112,ChatGPT
62,xcavalcante@example.net,2020-09-21 00:00:00,20522.3,157,ChatGPT
63,kamillyoliveira@example.com,2020-09-24 00:00:00,55075.68,61,Llama3.0
64,ilima@example.org,2020-09-05 00:00:00,83895.22,299,ChatGPT
65,cauemendonca@example.net,2020-09-07 00:00:00,98031.14,104,Gemini
66,xcunha@example.net,2020-09-13 00:00:00,40440.81,4,Gemini
67,stellaribeiro@example.org,2020-09-08 00:00:00,94153.3,155,Llama3.0
68,blopes@example.net,2020-09-23 00:00:00,7711.0,300,Gemini
69,knunes@example.net,2020-09-03 00:00:00,61452.73,74,Llama3.0
70,tvasconcelos@example.net,2020-09-19 00:00:00,2706.99,35,Gemini
71,freitasisis@example.com,2020-09-13 00:00:00,84189.1,256,ChatGPT
72,joao-pedro54@example.com,2020-09-16 00:00:00,97968.43,294,Llama3.0
73,maria-isisoliveira@example.org,2020-09-18 00:00:00,62363.93,260,Gemini
74,fda-rocha@example.com,2020-09-17 00:00:00,75111.8,150,ChatGPT
75,joao-vitor51@example.net,2020-09-01 00:00:00,78388.9,86,Gemini
76,vitor76@example.org,2020-09-22 00:00:00,41179.37,229,ChatGPT
77,bmoura@example.com,2020-09-14 00:00:00,4617.16,249,Llama3.0
78,vda-costa@example.org,2020-09-22 00:00:00,90548.88,120,Gemini
79,vianahenry-gabriel@example.org,2020-09-04 00:00:00,45487.82,244,Gemini
80,miguel10@example.com,2020-09-19 00:00:00,67462.47,35,Gemini
81,nunesana-vitoria@example.com,2020-09-19 00:00:00,40876.54,156,ChatGPT
82,aragaopietra@example.org,2020-09-23 00:00:00,50879.25,71,ChatGPT
83,ycavalcanti@example.net,2020-09-22 00:00:00,62582.51,282,Gemini
84,ada-conceicao@example.org,2020-09-14 00:00:00,42129.3,90,ChatGPT
85,ryanda-mota@example.org,2020-09-18 00:00:00,83608.96,126,Llama3.0
86,saraujo@example.com,2020-09-15 00:00:00,26495.26,167,ChatGPT
87,nnogueira@example.org,2020-09-01 00:00:00,16097.18,49,Gemini
88,castroallana@example.org,2020-09-24 00:00:00,65539.85,176,Gemini
89,marquesayla@example.org,2020-09-08 00:00:00,38307.13,254,ChatGPT
90,lucasaraujo@example.com,2020-09-16 00:00:00,54414.73,295,Gemini
91,ana-clara00@example.net,2020-09-02 00:00:00,7300.25,153,Llama3.0
92,rafael18@example.net,2020-09-22 00:00:00,31905.86,120,Gemini
93,matheus51@example.com,2020-09-12 00:00:00,15552.94,223,Gemini
94,maria-isisda-mata@example.org,2020-09-13 00:00:00,81130.66,122,ChatGPT
95,mateuscirino@example.org,2020-09-18 00:00:00,54313.29,197,Llama3.0
96,rcamara@example.net,2020-09-23 00:00:00,67535.6,149,Llama3.0
97,diogo56@example.com,2020-09-01 00:00:00,85786.64,221,ChatGPT
98,maiteferreira@example.net,2020-09-24 00:00:00,35899.89,66,Llama3.0
99,xporto@example.net,2020-09-21 00:00:00,10089.42,13,ChatGPT
100,cardosoalana@example.net,2020-09-02 00:00:00,11444.72,209,Llama3.0
101,vargasisis@example.net,2020-09-21 00:00:00,85433.89,100,Llama3.0
102,freitasoliver@example.org,2020-09-02 00:00:00,20119.81,77,Llama3.0
103,jadesa@example.org,2020-09-06 00:00:00,95255.4,218,Gemini
104,camposeduarda@example.net,2020-09-11 00:00:00,30221.12,47,ChatGPT
105,lunnamoraes@example.org,2020-09-04 00:00:00,36092.25,116,Gemini
106,maria-luizada-rosa@example.com,2020-09-17 00:00:00,87994.53,65,Gemini
107,apastor@example.org,2020-09-05 00:00:00,75952.14,82,ChatGPT
108,anthony-gabrielvasconcelos@example.org,2020-09-20 00:00:00,57907.39,142,ChatGPT
109,drodrigues@example.net,2020-09-03 00:00:00,97276.23,20,ChatGPT
110,maria-lizcarvalho@example.com,2020-09-20 00:00:00,92860.37,26,Gemini
111,beatrizdas-neves@example.org,2020-09-13 00:00:00,41492.53,79,Gemini
112,pvieira@example.net,2020-09-15 00:00:00,74452.83,67,Gemini
113,bernardosousa@example.org,2020-09-14 00:00:00,52286.2,103,Llama3.0
114,rebecagoncalves@example.net,2020-09-12 00:00:00,17790.4,86,Gemini
115,mariane29@example.com,2020-09-11 00:00:00,33876.83,170,Llama3.0
116,thomas64@example.org,2020-09-18 00:00:00,88022.82,265,Llama3.0
117,maria-florsampaio@example.org,2020-09-16 00:00:00,48886.63,229,Gemini
118,enzo-gabriel78@example.net,2020-09-11 00:00:00,18830.0,75,ChatGPT
119,melissacassiano@example.com,2020-09-14 00:00:00,32500.88,80,Llama3.0
120,cduarte@example.net,2020-09-19 00:00:00,14137.9,196,Llama3.0
121,thomasguerra@example.org,2020-09-20 00:00:00,24376.94,101,Gemini
122,wcosta@example.org,2020-09-11 00:00:00,70404.19,249,ChatGPT
123,melissacastro@example.com,2020-09-18 00:00:00,82601.89,34,ChatGPT
124,luigisampaio@example.com,2020-09-19 00:00:00,47681.33,263,Llama3.0
125,vitor53@example.com,2020-09-14 00:00:00,77383.41,98,ChatGPT
126,felipe29@example.net,2020-09-01 00:00:00,20280.55,232,Llama3.0
127,vcassiano@example.net,2020-09-10 00:00:00,73443.61,123,Llama3.0
128,ramosclarice@example.net,2020-09-24 00:00:00,39820.64,66,Llama3.0
129,vitor-gabriel42@example.org,2020-09-13 00:00:00,37129.94,113,Gemini
130,marcos-vinicius43@example.net,2020-09-09 00:00:00,77723.55,288,Llama3.0
131,da-cruzenrico@example.net,2020-09-08 00:00:00,27079.69,168,Llama3.0
132,caldeiramariah@example.com,2020-09-01 00:00:00,85761.87,74,Gemini
133,zoeleao@example.org,2020-09-09 00:00:00,51760.99,146,Gemini
134,yagorios@example.com,2020-09-20 00:00:00,42645.38,263,Gemini
135,beatriz97@example.org,2020-09-18 00:00:00,24374.1,283,Gemini
136,umoreira@example.org,2020-09-20 00:00:00,21567.7,71,Llama3.0
137,cavalcanteana-liz@example.org,2020-09-24 00:00:00,93675.49,91,Llama3.0
138,cirinoravy@example.org,2020-09-05 00:00:00,14456.6,241,Gemini
139,maria-sophianovaes@example.com,2020-09-16 00:00:00,78100.82,168,Llama3.0
140,qfernandes@example.net,2020-09-15 00:00:00,1796.8,195,ChatGPT
141,guilhermerios@example.com,2020-09-07 00:00:00,39307.95,37,ChatGPT
142,salesbernardo@example.org,2020-09-18 00:00:00,89104.63,27,Gemini
143,da-luzjoao-pedro@example.net,2020-09-01 00:00:00,15363.9,262,ChatGPT
144,isabellafarias@example.com,2020-09-14 00:00:00,9806.2,265,Gemini
145,bda-cunha@example.net,2020-09-01 00:00:00,96623.36,17,Gemini
146,vmelo@example.com,2020-09-10 00:00:00,19513.75,59,Llama3.0
147,emanuella46@example.org,2020-09-22 00:00:00,46308.74,229,Llama3.0
148,portopedro-lucas@example.net,2020-09-05 00:00:00,72113.2,269,ChatGPT
149,calebda-mota@example.net,2020-09-24 00:00:00,15087.86,136,ChatGPT
150,theodorogarcia@example.org,2020-09-17 00:00:00,4109.15,300,ChatGPT
151,caldeiraerick@example.com,2020-09-05 00:00:00,26824.99,24,Llama3.0
152,alana78@example.com,2020-09-11 00:00:00,56316.8,11,Llama3.0
153,lmelo@example.com,2020-09-16 00:00:00,76563.82,208,ChatGPT
154,anthony-gabriel25@example.org,2020-09-04 00:00:00,30990.9,5,Llama3.0
155,gomessarah@example.net,2020-09-02 00:00:00,73125.85,247,Gemini
156,fnogueira@example.com,2020-09-22 00:00:00,28344.85,161,ChatGPT
157,pimentaheloisa@example.org,2020-09-23 00:00:00,13295.76,49,Llama3.0
158,andradealicia@example.net,2020-09-05 00:00:00,86340.36,114,ChatGPT
159,irezende@example.org,2020-09-12 00:00:00,10091.25,124,ChatGPT
160,vitoria64@example.com,2020-09-09 00:00:00,15031.21,121,Llama3.0
161,agoncalves@example.net,2020-09-05 00:00:00,19442.16,34,Llama3.0
162,vmacedo@example.net,2020-09-13 00:00:00,88099.69,228,Llama3.0
163,davi-luiz03@example.com,2020-09-20 00:00:00,59527.97,140,Gemini
164,yago15@example.net,2020-09-11 00:00:00,351.52,278,Llama3.0
165,da-cruzana-beatriz@example.com,2020-09-03 00:00:00,34207.5,87,Llama3.0
166,muriloduarte@example.org,2020-09-16 00:00:00,13526.24,173,Gemini
167,barbara80@example.com,2020-09-24 00:00:00,71726.67,236,Gemini
168,luana10@example.net,2020-09-03 00:00:00,5254.69,298,Llama3.0
169,rael97@example.com,2020-09-12 00:00:00,10026.3,16,Gemini
170,elisamendonca@example.com,2020-09-20 00:00:00,13391.65,25,Gemini
171,correiaotavio@example.com,2020-09-19 00:00:00,62323.43,129,Llama3.0
172,lmartins@example.org,2020-09-12 00:00:00,7098.37,46,Gemini
173,pedro-lucas21@example.org,2020-09-01 00:00:00,55036.91,260,Gemini
174,yjesus@example.net,2020-09-02 00:00:00,60510.62,159,ChatGPT
175,marinada-luz@example.com,2020-09-20 00:00:00,58766.4,127,ChatGPT
176,luiz-henrique55@example.com,2020-09-06 00:00:00,84921.77,236,ChatGPT
177,aurora56@example.com,2020-09-13 00:00:00,13002.35,151,ChatGPT
178,jose-pedro34@example.com,2020-09-06 00:00:00,86147.97,185,Gemini
179,aylasantos@example.net,2020-09-15 00:00:00,84864.38,294,Llama3.0
180,thiagoferreira@example.org,2020-09-07 00:00:00,31340.79,258,ChatGPT
181,emanuellypacheco@example.com,2020-09-11 00:00:00,53524.73,278,Gemini
182,saanthony-gabriel@example.org,2020-09-11 00:00:00,73825.75,171,Llama3.0
183,ana36@example.org,2020-09-09 00:00:00,58807.91,248,Llama3.0
184,mathias86@example.net,2020-09-07 00:00:00,41215.5,55,ChatGPT
185,samaya@example.org,2020-09-22 00:00:00,1810.15,122,Llama3.0
186,pimentaalicia@example.org,2020-09-17 00:00:00,2221.79,234,Gemini
187,cardosogustavo-henrique@example.com,2020-09-08 00:00:00,40656.68,191,Gemini
188,oliveiralunna@example.com,2020-09-19 00:00:00,95569.31,91,Llama3.0
189,claricemacedo@example.net,2020-09-08 00:00:00,98487.63,87,Llama3.0
190,teixeiraliz@example.net,2020-09-04 00:00:00,59761.7,9,Llama3.0
191,clarice22@example.org,2020-09-13 00:00:00,14104.5,260,Gemini
192,lucas-gabriel54@example.com,2020-09-17 00:00:00,47166.52,260,Gemini
193,abreumariane@example.com,2020-09-18 00:00:00,37545.32,4,Gemini
194,moraescamila@example.com,2020-09-01 00:00:00,71785.36,150,Llama3.0
195,rfarias@example.net,2020-09-16 00:00:00,87240.63,277,Gemini
196,isadoragoncalves@example.com,2020-09-10 00:00:00,87359.99,204,ChatGPT
197,valentim31@example.com,2020-09-22 00:00:00,16286.3,154,Gemini
198,gabriela21@example.org,2020-09-10 00:00:00,94214.68,66,ChatGPT
199,limagael@example.org,2020-09-02 00:00:00,96291.6,151,Gemini
200,renan69@example.org,2020-09-02 00:00:00,54731.51,64,Llama3.0
201,vcavalcanti@example.org,2020-09-20 00:00:00,67718.75,51,ChatGPT
202,sbarbosa@example.com,2020-09-15 00:00:00,68771.3,246,Llama3.0
203,benicio59@example.net,2020-09-09 00:00:00,65410.59,272,Gemini
204,souzacaue@example.org,2020-09-12 00:00:00,87065.41,141,Gemini
205,hellenada-paz@example.org,2020-09-03 00:00:00,26557.49,63,Llama3.0
206,mendesgiovanna@example.com,2020-09-19 00:00:00,94973.84,124,Gemini
207,ravy15@example.net,2020-09-15 00:00:00,61986.63,70,Llama3.0
208,ccostela@example.com,2020-09-19 00:00:00,42044.99,86,ChatGPT
209,guerraagatha@example.net,2020-09-16 00:00:00,19704.0,105,Gemini
210,mariahfarias@example.com,2020-09-05 00:00:00,5362.56,149,ChatGPT
211,maria-laurasampaio@example.net,2020-09-08 00:00:00,75868.65,197,Gemini
212,ravi11@example.net,2020-09-14 00:00:00,15771.48,181,Gemini
213,sgoncalves@example.org,2020-09-03 00:00:00,32012.22,123,Llama3.0
214,cmarques@example.net,2020-09-14 00:00:00,90976.73,97,ChatGPT
215,nogueiraluiz-otavio@example.net,2020-09-10 00:00:00,44750.15,189,Gemini
216,garciamaria-vitoria@example.net,2020-09-02 00:00:00,89166.65,98,ChatGPT
217,maria-cecilia46@example.org,2020-09-17 00:00:00,94451.1,226,Gemini
218,benicio24@example.net,2020-09-16 00:00:00,42478.64,160,Llama3.0
219,da-motaoliver@example.net,2020-09-06 00:00:00,10490.54,16,Gemini
220,nogueirahenry-gabriel@example.org,2020-09-11 00:00:00,1627.27,248,Gemini
221,silvadavi-miguel@example.org,2020-09-08 00:00:00,12106.52,169,ChatGPT
222,maria-eduarda48@example.org,2020-09-01 00:00:00,94385.6,27,Gemini
223,clararezende@example.net,2020-09-11 00:00:00,27448.8,130,Gemini
224,ccosta@example.com,2020-09-02 00:00:00,67770.56,237,ChatGPT
225,sabrinapinto@example.org,2020-09-07 00:00:00,4388.1,222,Gemini
226,xcaldeira@example.com,2020-09-16 00:00:00,79434.85,206,ChatGPT
227,benjamim89@example.net,2020-09-18 00:00:00,82411.24,58,Gemini
228,fcamara@example.net,2020-09-24 00:00:00,75779.25,203,Gemini
229,da-matacecilia@example.org,2020-09-24 00:00:00,43348.53,214,Gemini
230,manuela21@example.net,2020-09-06 00:00:00,25873.17,46,Llama3.0
231,matteo67@example.org,2020-09-13 00:00:00,62759.21,296,Llama3.0
232,andrefernandes@example.com,2020-09-08 00:00:00,53353.77,211,Gemini
233,gustavoalves@example.net,2020-09-03 00:00:00,49196.35,271,Llama3.0
234,montenegrocarlos-eduardo@example.com,2020-09-12 00:00:00,34860.1,2,ChatGPT
235,eloamoreira@example.net,2020-09-14 00:00:00,46967.11,57,Llama3.0
236,maria-juliada-costa@example.org,2020-09-15 00:00:00,602.81,212,ChatGPT
237,maria-helena27@example.org,2020-09-23 00:00:00,10950.35,20,Gemini
238,ngoncalves@example.com,2020-09-01 00:00:00,62284.61,131,Gemini
239,vitor-hugomoreira@example.org,2020-09-19 00:00:00,51926.4,50,Gemini
240,siqueiraeloah@example.org,2020-09-11 00:00:00,38886.71,202,ChatGPT
241,hsousa@example.net,2020-09-09 00:00:00,62916.56,58,ChatGPT
242,araujopedro-lucas@example.net,2020-09-09 00:00:00,19461.57,282,Llama3.0
243,emillymendonca@example.com,2020-09-19 00:00:00,88842.9,300,Llama3.0
244,ygomes@example.com,2020-09-20 00:00:00,13716.68,240,Llama3.0
245,vinicius94@example.com,2020-09-12 00:00:00,15004.68,54,ChatGPT
246,matheuspimenta@example.com,2020-09-12 00:00:00,51402.7,7,ChatGPT
247,ateixeira@example.org,2020-09-07 00:00:00,55029.94,162,Gemini
248,luararocha@example.org,2020-09-13 00:00:00,77842.77,145,Gemini
249,zrocha@example.org,2020-09-15 00:00:00,18861.12,128,Llama3.0
250,usampaio@example.com,2020-09-19 00:00:00,33932.1,103,ChatGPT
251,danielapastor@example.org,2020-09-06 00:00:00,46571.77,216,Gemini
252,mariasilva@example.net,2020-09-03 00:00:00,86770.73,117,ChatGPT
253,santosdiogo@example.com,2020-09-09 00:00:00,87629.87,235,Llama3.0
254,almeidamaria-eduarda@example.org,2020-09-07 00:00:00,28353.97,260,ChatGPT
255,calebesilveira@example.net,2020-09-18 00:00:00,36693.38,64,ChatGPT
256,tsa@example.org,2020-09-06 00:00:00,63668.17,222,Llama3.0
257,ipereira@example.com,2020-09-03 00:00:00,44936.88,189,ChatGPT
258,salesvinicius@example.org,2020-09-09 00:00:00,97193.71,294,ChatGPT
259,vieiralais@example.net,2020-09-02 00:00:00,64063.75,195,ChatGPT
260,arthur-miguelsa@example.org,2020-09-22 00:00:00,3826.35,39,ChatGPT
261,fernandoda-mata@example.com,2020-09-23 00:00:00,82665.76,68,Gemini
262,daniel05@example.net,2020-09-08 00:00:00,55379.42,183,Gemini
263,oliver63@example.net,2020-09-16 00:00:00,3821.75,290,Llama3.0
264,jade04@example.org,2020-09-21 00:00:00,51034.36,87,ChatGPT
265,joao-felipepereira@example.net,2020-09-15 00:00:00,16805.78,65,Gemini
266,pmacedo@example.org,2020-09-01 00:00:00,31703.59,101,ChatGPT
267,marcelocorreia@example.com,2020-09-12 00:00:00,26399.91,281,Gemini
268,marcos-viniciuscorreia@example.com,2020-09-24 00:00:00,11827.56,139,Llama3.0
269,danielfreitas@example.com,2020-09-09 00:00:00,32279.69,143,Gemini
270,lucca53@example.com,2020-09-10 00:00:00,31998.93,185,Llama3.0
271,jose-pedromontenegro@example.com,2020-09-02 00:00:00,58074.2,89,Llama3.0
272,luiz-fernandomendes@example.com,2020-09-17 00:00:00,81127.8,58,ChatGPT
273,mgoncalves@example.net,2020-09-22 00:00:00,24176.1,149,ChatGPT
274,lopesantonio@example.org,2020-09-02 00:00:00,17616.76,290,Llama3.0
275,vasconcelossophie@example.net,2020-09-19 00:00:00,2923.41,170,ChatGPT
276,henrycunha@example.com,2020-09-21 00:00:00,31372.23,266,ChatGPT
277,luan00@example.net,2020-09-17 00:00:00,91459.62,283,Gemini
278,claricefogaca@example.net,2020-09-09 00:00:00,49821.21,85,Gemini
279,theodoro89@example.net,2020-09-05 00:00:00,38124.9,253,ChatGPT
280,cunhamanuela@example.com,2020-09-14 00:00:00,49299.24,59,Llama3.0
281,wmoreira@example.com,2020-09-16 00:00:00,20165.59,200,Gemini
282,maria-luizacarvalho@example.net,2020-09-18 00:00:00,57239.81,88,ChatGPT
283,zjesus@example.com,2020-09-01 00:00:00,32438.26,218,Llama3.0
284,leonardoda-mota@example.com,2020-09-01 00:00:00,76033.83,176,Llama3.0
285,xsales@example.net,2020-09-02 00:00:00,27920.76,110,Llama3.0
286,maria-helenada-costa@example.net,2020-09-24 00:00:00,18289.47,219,ChatGPT
287,aparecidaagatha@example.org,2020-09-20 00:00:00,21985.94,226,Llama3.0
288,ramossarah@example.org,2020-09-01 00:00:00,6407.42,266,ChatGPT
289,maria-fernandacorreia@example.net,2020-09-10 00:00:00,86311.8,259,Gemini
290,ceciliafarias@example.com,2020-09-16 00:00:00,34029.2,89,Gemini
291,clarice23@example.com,2020-09-04 00:00:00,7390.72,74,Gemini
292,luiza62@example.com,2020-09-22 00:00:00,4404.23,120,ChatGPT
293,jbarros@example.org,2020-09-20 00:00:00,88477.1,57,ChatGPT
294,cpacheco@example.com,2020-09-23 00:00:00,4088.73,137,Gemini
295,piresvitor@example.com,2020-09-13 00:00:00,8482.4,241,ChatGPT
296,scardoso@example.org,2020-09-06 00:00:00,52190.77,36,Llama3.0
297,vianarhavi@example.com,2020-09-10 00:00:00,48282.52,235,ChatGPT
298,cjesus@example.com,2020-09-03 00:00:00,12169.79,221,Gemini
299,freitasoliver@example.org,2020-09-17 00:00:00,81620.64,142,ChatGPT
300,andradegael@example.com,2020-09-10 00:00:00,44962.32,117,Gemini
301,rodriguespietra@example.org,2020-09-24 00:00:00,90909.31,266,Llama3.0
302,hadassa27@example.com,2020-09-13 00:00:00,94030.65,123,Gemini
303,liamnovaes@example.com,2020-09-14 00:00:00,68092.98,128,Llama3.0
304,stellamacedo@example.org,2020-09-07 00:00:00,71134.49,188,ChatGPT
305,mateusvasconcelos@example.net,2020-09-07 00:00:00,39283.24,280,Llama3.0
306,sophievasconcelos@example.net,2020-09-02 00:00:00,30566.47,4,Llama3.0
307,vitor24@example.org,2020-09-08 00:00:00,55249.74,291,Llama3.0
308,ramosjoao-pedro@example.org,2020-09-15 00:00:00,22511.45,70,ChatGPT
309,nalbuquerque@example.com,2020-09-09 00:00:00,10145.63,181,Llama3.0
310,macedojoao-vitor@example.com,2020-09-09 00:00:00,17197.65,272,Gemini
311,erick08@example.org,2020-09-22 00:00:00,95003.3,139,Gemini
312,cauapimenta@example.com,2020-09-05 00:00:00,68116.85,39,ChatGPT
313,luiz-henrique63@example.org,2020-09-07 00:00:00,9304.85,243,Gemini
314,anthony34@example.org,2020-09-19 00:00:00,15561.67,136,ChatGPT
315,dgoncalves@example.net,2020-09-11 00:00:00,46592.42,169,Gemini
316,da-luzjosue@example.com,2020-09-20 00:00:00,5850.28,81,Llama3.0
317,eduardo42@example.com,2020-09-08 00:00:00,82102.21,283,Llama3.0
318,zmarques@example.org,2020-09-13 00:00:00,37161.4,167,Gemini
319,nogueiralucca@example.net,2020-09-11 00:00:00,64509.34,18,ChatGPT
320,riosbreno@example.com,2020-09-07 00:00:00,92971.16,148,ChatGPT
321,pimentajulia@example.net,2020-09-16 00:00:00,29097.15,143,Llama3.0
322,das-nevesvitor-gabriel@example.com,2020-09-11 00:00:00,45847.64,241,ChatGPT
323,theo90@example.com,2020-09-16 00:00:00,94448.62,256,Llama3.0
324,borgessarah@example.org,2020-09-09 00:00:00,83576.35,47,Gemini
325,da-luzana-vitoria@example.net,2020-09-10 00:00:00,19941.39,135,Gemini
326,sousamaria-julia@example.net,2020-09-04 00:00:00,34910.46,168,Llama3.0
327,murilocirino@example.org,2020-09-18 00:00:00,80072.58,130,ChatGPT
328,jose96@example.com,2020-09-22 00:00:00,87790.49,91,ChatGPT
329,da-luznina@example.com,2020-09-14 00:00:00,75648.13,282,ChatGPT
330,fernanda72@example.com,2020-09-01 00:00:00,64958.66,277,ChatGPT
331,fernandeszoe@example.org,2020-09-14 00:00:00,37965.1,275,Gemini
332,santoskaique@example.net,2020-09-01 00:00:00,45449.83,174,Llama3.0
333,ribeiroesther@example.org,2020-09-24 00:00:00,30066.96,235,Llama3.0
334,mendoncadante@example.com,2020-09-17 00:00:00,67285.1,237,ChatGPT
335,anna-lizbrito@example.net,2020-09-08 00:00:00,45999.9,78,Llama3.0
336,jda-luz@example.org,2020-09-04 00:00:00,25081.13,82,Gemini
337,brayanporto@example.com,2020-09-21 00:00:00,58484.33,253,ChatGPT
338,rhavigarcia@example.net,2020-09-01 00:00:00,27610.8,274,Llama3.0
339,speixoto@example.com,2020-09-21 00:00:00,10703.8,73,Gemini
340,joao-lucasgarcia@example.com,2020-09-05 00:00:00,69124.32,295,ChatGPT
341,luara00@example.net,2020-09-18 00:00:00,52746.51,145,Gemini
342,mirellapires@example.com,2020-09-03 00:00:00,5062.17,87,Gemini
343,hmendes@example.net,2020-09-03 00:00:00,77300.38,124,ChatGPT
344,sophiepeixoto@example.com,2020-09-18 00:00:00,18869.1,92,Gemini
345,pmendonca@example.com,2020-09-24 00:00:00,64906.38,273,Llama3.0
346,joao-vitorcarvalho@example.net,2020-09-01 00:00:00,33983.99,181,Gemini
347,fariasvinicius@example.net,2020-09-14 00:00:00,94204.45,179,Llama3.0
348,isadoramartins@example.com,2020-09-23 00:00:00,3008.23,181,Llama3.0
349,eda-mota@example.net,2020-09-03 00:00:00,58159.35,203,ChatGPT
350,moreiramaria-sophia@example.net,2020-09-07 00:00:00,98592.13,185,Gemini
351,melinamontenegro@example.com,2020-09-22 00:00:00,52690.53,66,Gemini
352,scaldeira@example.com,2020-09-06 00:00:00,78510.33,12,Gemini
353,araujohadassa@example.com,2020-09-02 00:00:00,91642.18,16,Gemini
354,esilveira@example.com,2020-09-16 00:00:00,66733.18,138,ChatGPT
355,hmendonca@example.com,2020-09-01 00:00:00,8453.0,144,Llama3.0
356,souzaraquel@example.org,2020-09-10 00:00:00,76855.89,148,Gemini
357,benicioda-conceicao@example.net,2020-09-05 00:00:00,96628.45,13,Llama3.0
358,pedro-miguelsantos@example.net,2020-09-23 00:00:00,13894.99,5,ChatGPT
359,dante94@example.org,2020-09-02 00:00:00,90140.78,165,Llama3.0
360,barbosaigor@example.com,2020-09-04 00:00:00,24611.6,280,Llama3.0
361,icaldeira@example.com,2020-09-03 00:00:00,68796.41,204,Llama3.0
362,monteirojoao-miguel@example.org,2020-09-14 00:00:00,2531.95,180,Gemini
363,wvasconcelos@example.org,2020-09-06 00:00:00,41903.44,72,Gemini
364,gcastro@example.com,2020-09-01 00:00:00,27543.29,22,Gemini
365,fariasbella@example.org,2020-09-23 00:00:00,24730.14,150,Llama3.0
366,franciscocassiano@example.org,2020-09-19 00:00:00,68071.31,249,Gemini
367,lorenada-mata@example.com,2020-09-04 00:00:00,95443.48,265,ChatGPT
368,liviamoraes@example.org,2020-09-24 00:00:00,66789.73,293,ChatGPT
369,marinabrito@example.net,2020-09-18 00:00:00,33039.88,30,ChatGPT
370,ryan16@example.org,2020-09-19 00:00:00,73671.37,155,Llama3.0
371,azevedoeduardo@example.net,2020-09-10 00:00:00,74692.57,43,Llama3.0
372,isabelcavalcanti@example.org,2020-09-07 00:00:00,74213.75,79,Llama3.0
373,asouza@example.net,2020-09-17 00:00:00,46433.31,49,Gemini
374,vsiqueira@example.net,2020-09-17 00:00:00,4161.8,198,Gemini
375,alvesdavi@example.org,2020-09-14 00:00:00,9213.88,84,Gemini
376,joao67@example.com,2020-09-22 00:00:00,35745.13,165,ChatGPT
377,luizaleao@example.org,2020-09-02 00:00:00,80205.5,212,ChatGPT
378,laviniacaldeira@example.net,2020-09-24 00:00:00,43060.46,241,ChatGPT
379,antonellafernandes@example.org,2020-09-09 00:00:00,5441.52,5,ChatGPT
380,jose-miguel33@example.org,2020-09-01 00:00:00,55524.42,64,ChatGPT
381,fborges@example.com,2020-09-21 00:00:00,27219.42,151,ChatGPT
382,ribeirothales@example.com,2020-09-07 00:00:00,55906.5,86,Gemini
383,sofianogueira@example.com,2020-09-19 00:00:00,5686.7,58,ChatGPT
384,mendoncabenicio@example.com,2020-09-08 00:00:00,52914.73,152,Gemini
385,kguerra@example.org,2020-09-11 00:00:00,26008.8,185,Llama3.0
386,ravi84@example.com,2020-09-09 00:00:00,97119.75,274,Gemini
387,stephanyalves@example.com,2020-09-22 00:00:00,62876.66,70,Gemini
388,lgarcia@example.net,2020-09-04 00:00:00,36563.58,103,ChatGPT
389,maria61@example.com,2020-09-18 00:00:00,22752.26,107,Llama3.0
390,mariana78@example.net,2020-09-02 00:00:00,69117.85,142,Llama3.0
391,pintoaurora@example.org,2020-09-15 00:00:00,34845.5,145,ChatGPT
392,camposbryan@example.com,2020-09-09 00:00:00,2898.2,172,Gemini
393,camaramaria-isis@example.com,2020-09-15 00:00:00,75330.8,84,Llama3.0
394,vitor-hugo13@example.net,2020-09-18 00:00:00,12155.89,218,Gemini
395,juliacasa-grande@example.org,2020-09-03 00:00:00,61260.55,98,Gemini
396,eduarda35@example.com,2020-09-12 00:00:00,94946.35,198,Gemini
397,gfogaca@example.org,2020-09-24 00:00:00,27589.34,80,ChatGPT
398,zfreitas@example.com,2020-09-11 00:00:00,4797.62,0,Llama3.0
399,martinsemanuella@example.net,2020-09-13 00:00:00,48465.8,88,Gemini
400,isis25@example.net,2020-09-19 00:00:00,82463.1,101,Gemini
401,wpimenta@example.net,2020-09-16 00:00:00,78763.19,158,Llama3.0
402,larada-rocha@example.com,2020-09-21 00:00:00,15037.28,290,Gemini
403,isis61@example.com,2020-09-04 00:00:00,86080.84,64,ChatGPT
404,gviana@example.com,2020-09-15 00:00:00,49987.33,207,ChatGPT
405,marianaleao@example.org,2020-09-16 00:00:00,48081.88,162,Llama3.0
406,isabela91@example.com,2020-09-14 00:00:00,57545.28,44,ChatGPT
407,borgesjoana@example.org,2020-09-23 00:00:00,93848.74,61,ChatGPT
408,leaonatalia@example.net,2020-09-13 00:00:00,98813.74,111,ChatGPT
409,fernandessamuel@example.org,2020-09-01 00:00:00,44623.86,68,Gemini
410,luaranovaes@example.org,2020-09-18 00:00:00,24235.81,264,ChatGPT
411,pedro-henriquevargas@example.net,2020-09-01 00:00:00,93906.18,215,Llama3.0
412,matteosales@example.com,2020-09-06 00:00:00,95405.55,216,Gemini
413,otto69@example.org,2020-09-22 00:00:00,37785.74,182,Llama3.0
414,antonella56@example.net,2020-09-11 00:00:00,72029.43,165,Llama3.0
415,macedonicole@example.com,2020-09-15 00:00:00,85023.73,161,Llama3.0
416,barbosarael@example.org,2020-09-10 00:00:00,88815.0,229,Gemini
417,ofarias@example.com,2020-09-13 00:00:00,66493.13,282,Gemini
418,almeidanicole@example.com,2020-09-04 00:00:00,715.67,191,Llama3.0
419,da-mataluisa@example.net,2020-09-05 00:00:00,34315.9,267,ChatGPT
420,caldeirathiago@example.com,2020-09-24 00:00:00,57128.8,147,Llama3.0
421,bruna66@example.org,2020-09-07 00:00:00,62239.57,246,ChatGPT
422,cassianoian@example.com,2020-09-16 00:00:00,90239.8,65,ChatGPT
423,ypimenta@example.org,2020-09-08 00:00:00,79425.98,297,ChatGPT
424,cecilia66@example.org,2020-09-19 00:00:00,10735.24,109,Llama3.0
425,heloisasa@example.com,2020-09-07 00:00:00,76756.84,93,Llama3.0
426,da-rochaisabela@example.net,2020-09-24 00:00:00,69822.29,137,Llama3.0
427,arthur53@example.com,2020-09-24 00:00:00,80875.46,105,ChatGPT
428,cunhamathias@example.com,2020-09-12 00:00:00,48620.1,164,Gemini
429,lorenamonteiro@example.org,2020-09-14 00:00:00,3052.28,267,ChatGPT
430,allanacasa-grande@example.org,2020-09-11 00:00:00,65649.59,88,Gemini
431,maria-luisa03@example.org,2020-09-23 00:00:00,96983.31,188,Gemini
432,cavalcantijoana@example.net,2020-09-12 00:00:00,97747.32,293,Gemini
433,aparecidaanna-liz@example.org,2020-09-19 00:00:00,93795.75,243,Gemini
434,ana-clara90@example.net,2020-09-04 00:00:00,93998.6,5,Gemini
435,marianecostela@example.org,2020-09-06 00:00:00,94630.64,22,Llama3.0
436,kpeixoto@example.net,2020-09-02 00:00:00,14211.8,220,Gemini
437,matteosales@example.org,2020-09-23 00:00:00,5950.7,248,Llama3.0
438,valentim75@example.net,2020-09-21 00:00:00,82666.5,241,ChatGPT
439,mcorreia@example.net,2020-09-01 00:00:00,76952.35,116,Gemini
440,cardosoelisa@example.com,2020-09-11 00:00:00,38193.73,10,Gemini
441,da-cruzana-livia@example.net,2020-09-13 00:00:00,74531.3,291,Gemini
442,heloisacunha@example.net,2020-09-14 00:00:00,83218.91,252,Llama3.0
443,carvalhoyuri@example.com,2020-09-16 00:00:00,35398.31,138,ChatGPT
444,martinsandre@example.net,2020-09-12 00:00:00,96125.86,51,Llama3.0
445,pda-conceicao@example.net,2020-09-20 00:00:00,84488.16,191,Llama3.0
446,lizcorreia@example.org,2020-09-03 00:00:00,76786.6,10,Gemini
447,silvaemanuelly@example.org,2020-09-02 00:00:00,14134.8,278,Llama3.0
448,emanuella28@example.org,2020-09-06 00:00:00,55984.61,79,Llama3.0
449,luisasiqueira@example.org,2020-09-02 00:00:00,6951.95,129,Gemini
450,duarteandre@example.org,2020-09-04 00:00:00,98928.12,188,Gemini
451,gael-henriquecastro@example.com,2020-09-15 00:00:00,5761.58,55,Llama3.0
452,mendescarolina@example.org,2020-09-11 00:00:00,70308.11,116,ChatGPT
453,efernandes@example.net,2020-09-14 00:00:00,11622.58,179,Gemini
454,caldeirasara@example.net,2020-09-08 00:00:00,91948.41,201,ChatGPT
455,das-nevesbarbara@example.net,2020-09-22 00:00:00,33217.73,256,Gemini
456,davi-lucascastro@example.org,2020-09-12 00:00:00,15748.27,154,ChatGPT
457,psiqueira@example.org,2020-09-17 00:00:00,17855.84,57,Llama3.0
458,davi-luiz55@example.org,2020-09-17 00:00:00,33956.76,52,Gemini
459,aparecidabenjamim@example.net,2020-09-10 00:00:00,21738.5,33,ChatGPT
460,caroline17@example.net,2020-09-20 00:00:00,34559.1,197,Gemini
461,camilanunes@example.com,2020-09-22 00:00:00,16519.68,135,Gemini
462,onovaes@example.org,2020-09-04 00:00:00,65401.31,92,Gemini
463,leticianascimento@example.net,2020-09-22 00:00:00,885.87,181,ChatGPT
464,ada-cunha@example.org,2020-09-10 00:00:00,79857.3,298,Llama3.0
465,fernandaazevedo@example.com,2020-09-21 00:00:00,27740.13,133,ChatGPT
466,lfernandes@example.net,2020-09-20 00:00:00,19139.11,9,ChatGPT
467,aduarte@example.org,2020-09-07 00:00:00,27935.76,47,Llama3.0
468,riosgustavo-henrique@example.net,2020-09-23 00:00:00,52626.29,120,ChatGPT
469,knogueira@example.org,2020-09-20 00:00:00,61900.9,241,ChatGPT
470,galbuquerque@example.org,2020-09-01 00:00:00,40023.23,69,Gemini
471,ydias@example.com,2020-09-17 00:00:00,88721.0,58,Llama3.0
472,opastor@example.net,2020-09-19 00:00:00,35592.88,11,ChatGPT
473,joao-vitor67@example.org,2020-09-18 00:00:00,65358.35,161,Llama3.0
474,maria-clara63@example.org,2020-09-18 00:00:00,77637.16,0,Gemini
475,marcos-viniciusabreu@example.com,2020-09-07 00:00:00,80432.47,199,ChatGPT
476,moreiraemanuelly@example.com,2020-09-19 00:00:00,58294.16,54,Gemini
477,pguerra@example.org,2020-09-07 00:00:00,76801.34,43,Gemini
478,piresrodrigo@example.com,2020-09-17 00:00:00,95087.41,153,Llama3.0
479,melissacasa-grande@example.net,2020-09-05 00:00:00,73539.47,131,Gemini
480,santosisaac@example.org,2020-09-09 00:00:00,61312.5,51,Gemini
481,uaparecida@example.com,2020-09-13 00:00:00,3941.76,163,ChatGPT
482,biancada-rosa@example.com,2020-09-04 00:00:00,83278.88,232,Gemini
483,moreiracaroline@example.org,2020-09-23 00:00:00,80576.84,274,Gemini
484,ovargas@example.org,2020-09-14 00:00:00,85857.4,160,Gemini
485,da-cunhagael-henrique@example.org,2020-09-14 00:00:00,58640.65,2,Gemini
486,pedro-lucasrocha@example.org,2020-09-23 00:00:00,5519.43,157,Gemini
487,lucas50@example.org,2020-09-20 00:00:00,68585.27,151,Gemini
488,leobarros@example.net,2020-09-19 00:00:00,10795.43,2,ChatGPT
489,pedro05@example.net,2020-09-11 00:00:00,48223.19,16,Gemini
490,ccasa-grande@example.net,2020-09-18 00:00:00,97873.96,40,ChatGPT
491,xporto@example.org,2020-09-12 00:00:00,51723.1,222,Llama3.0
492,vieiragustavo-henrique@example.com,2020-09-23 00:00:00,21164.26,274,Llama3.0
493,bda-costa@example.org,2020-09-19 00:00:00,60101.82,175,ChatGPT
494,valentim38@example.com,2020-09-05 00:00:00,58943.81,196,Gemini
495,zgarcia@example.net,2020-09-06 00:00:00,19551.43,237,ChatGPT
496,raul99@example.net,2020-09-07 00:00:00,15893.8,237,ChatGPT
497,wpastor@example.com,2020-09-14 00:00:00,82582.1,134,Gemini
498,joao-guilhermedas-neves@example.net,2020-09-21 00:00:00,4273.63,287,Llama3.0
499,mpimenta@example.com,2020-09-07 00:00:00,14681.36,194,Gemini
500,acarvalho@example.com,2020-09-10 00:00:00,5359.66,15,Llama3.0
501,brendaribeiro@example.net,2020-09-08 00:00:00,82161.85,114,Llama3.0
502,luiz-felipe51@example.org,2020-09-15 00:00:00,70714.77,17,Gemini
503,sousamariah@example.com,2020-09-04 00:00:00,90601.46,114,Llama3.0
504,miguelgoncalves@example.org,2020-09-05 00:00:00,82074.85,19,Gemini
505,mendoncaheloisa@example.org,2020-09-11 00:00:00,4214.73,85,ChatGPT
506,marceloaraujo@example.net,2020-09-09 00:00:00,30674.18,117,ChatGPT
